"brand","model","year","price_in_euro","transmission_type","fuel_type","mileage_in_km"
"toyota","Toyota Proace",11,"9996","Manual","Diesel",2e+05
"toyota","Toyota Proace",10,"7300","Manual","Diesel",152000
"toyota","Toyota Proace",10,"11305","Manual","Diesel",163500
"toyota","Toyota Proace",9,"10591","Manual","Diesel",228400
"toyota","Toyota Proace",9,"11840","Automatic","Diesel",218000
"toyota","Toyota Proace",9,"7990","Manual","Diesel",126818
"toyota","Toyota Proace",9,"10591","Manual","Diesel",150000
"toyota","Toyota Proace",8,"24880","Manual","Diesel",95122
"toyota","Toyota Proace",8,"10990","Manual","Diesel",166000
"toyota","Toyota Proace",7,"19999","Manual","Diesel",36000
"toyota","Toyota Proace",7,"30980","Automatic","Diesel",126843
"toyota","Toyota Proace",7,"32450","Automatic","Diesel",57300
"toyota","Toyota Proace",7,"32000","Manual","Diesel",84000
"toyota","Toyota Proace",7,"19490","Manual","Diesel",122000
"toyota","Toyota Proace",7,"18750","Manual","Diesel",67000
"toyota","Toyota Proace",7,"39450","Automatic","Diesel",91500
"toyota","Toyota Proace",7,"24800","Automatic","Diesel",187300
"toyota","Toyota Proace",7,"32950","Automatic","Diesel",74000
"toyota","Toyota Proace",7,"28300","Automatic","Diesel",78381
"toyota","Toyota Proace",7,"22690","Manual","Diesel",24124
"toyota","Toyota Proace",7,"26900","Manual","Diesel",83300
"toyota","Toyota Proace",7,"31990","Automatic","Diesel",80500
"toyota","Toyota Proace",6,"34980","Manual","Diesel",76508
"toyota","Toyota Proace",6,"34980","Manual","Diesel",76508
"toyota","Toyota Proace",6,"26980","Manual","Diesel",96656
"toyota","Toyota Proace",6,"35990","Manual","Diesel",54840
"toyota","Toyota Proace",6,"29990","Manual","Diesel",61148
"toyota","Toyota Proace",6,"33490","Manual","Diesel",86639
"toyota","Toyota Proace",6,"17900","Manual","Diesel",79000
"toyota","Toyota Proace",6,"37900","Manual","Diesel",53850
"toyota","Toyota Proace",6,"37900","Manual","Diesel",53850
"toyota","Toyota Proace",6,"30800","Manual","Diesel",84500
"toyota","Toyota Proace",6,"37900","Manual","Diesel",53850
"toyota","Toyota Proace",6,"37900","Manual","Diesel",53850
"toyota","Toyota Proace",6,"41840","Automatic","Diesel",39606
"toyota","Toyota Proace",6,"21988","Manual","Diesel",92788
"toyota","Toyota Proace",6,"38655","Automatic","Diesel",58810
"toyota","Toyota Proace",6,"18999","Manual","Diesel",140000
"toyota","Toyota Proace",6,"31890","Manual","Diesel",30000
"toyota","Toyota Proace",6,"19900","Manual","Diesel",204000
"toyota","Toyota Proace",6,"36500","Automatic","Diesel",69000
"toyota","Toyota Proace",6,"19990","Manual","Diesel",101000
"toyota","Toyota Proace",6,"18990","Manual","Diesel",150000
"toyota","Toyota Proace",6,"35500","Automatic","Diesel",90200
"toyota","Toyota Proace",6,"38980","Manual","Diesel",57438
"toyota","Toyota Proace",6,"16990","Manual","Diesel",115000
"toyota","Toyota Proace",6,"19950","Manual","Diesel",89800
"toyota","Toyota Proace",6,"38990","Automatic","Diesel",68103
"toyota","Toyota Proace",6,"17950","Manual","Diesel",119150
"toyota","Toyota Proace",6,"19450","Manual","Diesel",103000
"toyota","Toyota Proace",6,"21950","Manual","Diesel",57200
"toyota","Toyota Proace",6,"13990","Manual","Diesel",144452
"toyota","Toyota Proace",6,"18990","Manual","Diesel",64681
"toyota","Toyota Proace",6,"13090","Manual","Diesel",106865
"toyota","Toyota Proace",6,"16990","Manual","Diesel",112214
"toyota","Toyota Proace",6,"17490","Manual","Diesel",139359
"toyota","Toyota Proace",6,"20500","Manual","Diesel",64367
"toyota","Toyota Proace",6,"21350","Manual","Diesel",98800
"toyota","Toyota Proace",6,"20500","Manual","Diesel",98978
"toyota","Toyota Proace",6,"20900","Manual","Diesel",56000
"toyota","Toyota Proace",6,"19450","Manual","Diesel",77209
"toyota","Toyota Proace",6,"17750","Manual","Diesel",107820
"toyota","Toyota Proace",6,"25000","Automatic","Diesel",211120
"toyota","Toyota Proace",6,"31890","Automatic","Diesel",111217
"toyota","Toyota Proace",6,"42960","Automatic","Diesel",40000
"toyota","Toyota Proace",5,"21500","Manual","Diesel",80000
"toyota","Toyota Proace",5,"29950","Automatic","Diesel",153000
"toyota","Toyota Proace",5,"37990","Automatic","Diesel",69986
"toyota","Toyota Proace",5,"35000","Automatic","Diesel",56000
"toyota","Toyota Proace",5,"37990","Automatic","Diesel",43500
"toyota","Toyota Proace",5,"39948","Automatic","Diesel",62600
"toyota","Toyota Proace",5,"36990","Manual","Diesel",70281
"toyota","Toyota Proace",5,"30990","Automatic","Diesel",131200
"toyota","Toyota Proace",5,"30950","Manual","Diesel",79941
"toyota","Toyota Proace",5,"43850","Automatic","Diesel",45623
"toyota","Toyota Proace",5,"18900","Manual","Diesel",82300
"toyota","Toyota Proace",5,"39990","Manual","Diesel",52200
"toyota","Toyota Proace",5,"24950","Manual","Diesel",155900
"toyota","Toyota Proace",5,"23980","Manual","Diesel",34643
"toyota","Toyota Proace",5,"38980","Manual","Diesel",14750
"toyota","Toyota Proace",5,"47330","Automatic","Diesel",31800
"toyota","Toyota Proace",5,"21490","Manual","Diesel",61082
"toyota","Toyota Proace",5,"36950","Automatic","Diesel",54330
"toyota","Toyota Proace",5,"21499","Manual","Diesel",137663
"toyota","Toyota Proace",5,"36400","Automatic","Diesel",65000
"toyota","Toyota Proace",5,"24445","Manual","Diesel",125942
"toyota","Toyota Proace",5,"36800","Manual","Diesel",11950
"toyota","Toyota Proace",5,"38950","Automatic","Diesel",117100
"toyota","Toyota Proace",5,"36290","Manual","Diesel",56500
"toyota","Toyota Proace",5,"37490","Automatic","Diesel",70500
"toyota","Toyota Proace",5,"29800","Manual","Diesel",87000
"toyota","Toyota Proace",5,"29000","Automatic","Diesel",160000
"toyota","Toyota Proace",5,"21950","Manual","Diesel",73500
"toyota","Toyota Proace",5,"20500","Manual","Diesel",96687
"toyota","Toyota Proace",5,"20000","Manual","Diesel",89114
"toyota","Toyota Proace",5,"19500","Manual","Diesel",94886
"toyota","Toyota Proace",5,"21000","Manual","Diesel",69800
"toyota","Toyota Proace",5,"17280","Manual","Diesel",52778
"toyota","Toyota Proace",5,"24786","Manual","Diesel",101050
"toyota","Toyota Proace",5,"21200","Manual","Diesel",54986
"toyota","Toyota Proace",5,"44450","Automatic","Diesel",49780
"toyota","Toyota Proace",4,"26990","Manual","Petrol",40795
"toyota","Toyota Proace",4,"37990","Automatic","Diesel",35967
"toyota","Toyota Proace",4,"39990","Manual","Diesel",44250
"toyota","Toyota Proace",4,"48990","Automatic","Diesel",55500
"toyota","Toyota Proace",4,"22989","Manual","Diesel",70250
"toyota","Toyota Proace",4,"19490","Manual","Petrol",6202
"toyota","Toyota Proace",4,"38690","Automatic","Diesel",29800
"toyota","Toyota Proace",4,"21499","Manual","Diesel",111960
"toyota","Toyota Proace",4,"37500","Automatic","Diesel",121150
"toyota","Toyota Proace",4,"24999","Manual","Diesel",29998
"toyota","Toyota Proace",4,"24999","Manual","Diesel",29998
"toyota","Toyota Proace",4,"39700","Manual","Diesel",30500
"toyota","Toyota Proace",4,"25990","Manual","Petrol",5200
"toyota","Toyota Proace",4,"52890","Automatic","Diesel",45189
"toyota","Toyota Proace",4,"43480","Automatic","Diesel",70000
"toyota","Toyota Proace",4,"19980","Manual","Diesel",193200
"toyota","Toyota Proace",4,"20050","Manual","Diesel",37200
"toyota","Toyota Proace",4,"19850","Manual","Diesel",37200
"toyota","Toyota Proace",4,"17890","Manual","Diesel",127684
"toyota","Toyota Proace",4,"17890","Manual","Diesel",125649
"toyota","Toyota Proace",4,"16890","Manual","Diesel",149371
"toyota","Toyota Proace",4,"17890","Manual","Diesel",120237
"toyota","Toyota Proace",4,"16890","Manual","Diesel",143778
"toyota","Toyota Proace",4,"52950","Manual","Diesel",27466
"toyota","Toyota Proace",4,"52950","Manual","Diesel",27466
"toyota","Toyota Proace",4,"25950","Automatic","Diesel",87000
"toyota","Toyota Proace",4,"27960","Automatic","Petrol",33657
"toyota","Toyota Proace",4,"27290","Automatic","Petrol",37500
"toyota","Toyota Proace",4,"17890","Manual","Diesel",115635
"toyota","Toyota Proace",4,"23989","Manual","Diesel",71100
"toyota","Toyota Proace",4,"20850","Manual","Diesel",58600
"toyota","Toyota Proace",4,"24690","Manual","Diesel",62500
"toyota","Toyota Proace",4,"22990","Manual","Diesel",6000
"toyota","Toyota Proace",4,"16890","Manual","Diesel",126561
"toyota","Toyota Proace",4,"16890","Manual","Diesel",144638
"toyota","Toyota Proace",4,"26690","Manual","Petrol",9874
"toyota","Toyota Proace",4,"18800","Manual","Diesel",94000
"toyota","Toyota Proace",4,"17890","Manual","Diesel",86067
"toyota","Toyota Proace",4,"24789","Manual","Diesel",67700
"toyota","Toyota Proace",4,"23890","Manual","Diesel",14920
"toyota","Toyota Proace",4,"49800","Automatic","Diesel",45352
"toyota","Toyota Proace",4,"13990","Manual","Diesel",172000
"toyota","Toyota Proace",3,"29800","Automatic","Diesel",94543
"toyota","Toyota Proace",3,"29800","Automatic","Diesel",94543
"toyota","Toyota Proace",3,"42980","Manual","Diesel",3100
"toyota","Toyota Proace",3,"56990","Automatic","Diesel",3000
"toyota","Toyota Proace",3,"39790","Manual","Diesel",33255
"toyota","Toyota Proace",3,"51490","Automatic","Diesel",16635
"toyota","Toyota Proace",3,"46990","Automatic","Diesel",30000
"toyota","Toyota Proace",3,"27790","Manual","Diesel",44650
"toyota","Toyota Proace",3,"39990","Manual","Diesel",13900
"toyota","Toyota Proace",3,"28490","Automatic","Petrol",34300
"toyota","Toyota Proace",3,"52950","Automatic","Diesel",26911
"toyota","Toyota Proace",3,"49999","Automatic","Diesel",26800
"toyota","Toyota Proace",3,"21280","Manual","Petrol",21103
"toyota","Toyota Proace",3,"32990","Automatic","Petrol",16500
"toyota","Toyota Proace",3,"45990","Automatic","Diesel",26000
"toyota","Toyota Proace",3,"21280","Manual","Petrol",21103
"toyota","Toyota Proace",3,"41650","Manual","Diesel",22500
"toyota","Toyota Proace",3,"50940","Automatic","Diesel",18000
"toyota","Toyota Proace",3,"50940","Automatic","Diesel",18000
"toyota","Toyota Proace",3,"31900","Manual","Diesel",27500
"toyota","Toyota Proace",3,"49950","Automatic","Diesel",38400
"toyota","Toyota Proace",3,"27690","Manual","Petrol",15100
"toyota","Toyota Proace",3,"41840","Automatic","Diesel",20121
"toyota","Toyota Proace",3,"23000","Manual","Diesel",34000
"toyota","Toyota Proace",3,"24900","Manual","Diesel",81900
"toyota","Toyota Proace",3,"30990","Manual","Diesel",3764
"toyota","Toyota Proace",3,"45990","Automatic","Diesel",28000
"toyota","Toyota Proace",3,"26990","Manual","Diesel",51500
"toyota","Toyota Proace",3,"26890","Manual","Diesel",53200
"toyota","Toyota Proace",3,"33500","Manual","Diesel",9214
"toyota","Toyota Proace",3,"26890","Manual","Diesel",51500
"toyota","Toyota Proace",3,"16490","Manual","Diesel",33000
"toyota","Toyota Proace",3,"18940","Manual","Diesel",6000
"toyota","Toyota Proace",3,"20840","Manual","Diesel",45630
"toyota","Toyota Proace",3,"39900","Manual","Diesel",40500
"toyota","Toyota Proace",3,"39990","Automatic","Diesel",48900
"toyota","Toyota Proace",3,"45860","Automatic","Diesel",23100
"toyota","Toyota Proace",2,"32990","Automatic","Petrol",10499
"toyota","Toyota Proace",2,"69588","Automatic","Diesel",499
"toyota","Toyota Proace",2,"27990","Manual","Petrol",385
"toyota","Toyota Proace",2,"40990","Automatic","Diesel",34100
"toyota","Toyota Proace",2,"41650","Automatic","Diesel",30322
"toyota","Toyota Proace",2,"52880","Automatic","Diesel",4900
"toyota","Toyota Proace",2,"42990","Automatic","Diesel",18487
"toyota","Toyota Proace",2,"43990","Automatic","Diesel",17790
"toyota","Toyota Proace",2,"40490","Automatic","Diesel",36450
"toyota","Toyota Proace",2,"48590","Automatic","Diesel",15
"toyota","Toyota Proace",2,"41650","Automatic","Diesel",33475
"toyota","Toyota Proace",2,"37980","Automatic","Diesel",23119
"toyota","Toyota Proace",2,"42960","Automatic","Diesel",38940
"toyota","Toyota Proace",2,"48880","Manual","Diesel",25
"toyota","Toyota Proace",2,"50695","Automatic","Diesel",6500
"toyota","Toyota Proace",2,"37950","Automatic","Diesel",19680
"toyota","Toyota Proace",2,"37880","Automatic","Diesel",28000
"toyota","Toyota Proace",2,"38850","Automatic","Diesel",20613
"toyota","Toyota Proace",2,"39500","Automatic","Diesel",20590
"toyota","Toyota Proace",2,"46450","Automatic","Diesel",8040
"toyota","Toyota Proace",2,"29900","Manual","Petrol",4
"toyota","Toyota Proace",2,"37390","Manual","Diesel",4792
"toyota","Toyota Proace",2,"36990","Automatic","Diesel",30100
"toyota","Toyota Proace",2,"53990","Automatic","Diesel",7193
"toyota","Toyota Proace",2,"45990","Manual","Diesel",9900
"toyota","Toyota Proace",2,"27990","Manual","Petrol",8
"toyota","Toyota Proace",2,"36990","Automatic","Diesel",18790
"toyota","Toyota Proace",2,"36990","Automatic","Diesel",18220
"toyota","Toyota Proace",2,"30870","Manual","Petrol",150
"toyota","Toyota Proace",2,"38690","Automatic","Diesel",24199
"toyota","Toyota Proace",2,"29800","Automatic","Petrol",3900
"toyota","Toyota Proace",2,"40490","Automatic","Diesel",18066
"toyota","Toyota Proace",2,"44630","Manual","Diesel",2000
"toyota","Toyota Proace",2,"42990","Automatic","Diesel",12400
"toyota","Toyota Proace",2,"39985","Manual","Diesel",10
"toyota","Toyota Proace",2,"63500","Automatic","Diesel",9000
"toyota","Toyota Proace",2,"44550","Manual","Diesel",160
"toyota","Toyota Proace",2,"39990","Manual","Diesel",99
"toyota","Toyota Proace",2,"49990","Automatic","Diesel",11640
"toyota","Toyota Proace",2,"39480","Automatic","Diesel",29950
"toyota","Toyota Proace",2,"40890","Manual","Diesel",291
"toyota","Toyota Proace",2,"42890","Manual","Diesel",9201
"toyota","Toyota Proace",2,"42990","Manual","Diesel",150
"toyota","Toyota Proace",2,"42990","Manual","Diesel",150
"toyota","Toyota Proace",2,"41960","Automatic","Diesel",5000
"toyota","Toyota Proace",2,"45080","Automatic","Diesel",8696
"toyota","Toyota Proace",2,"44299","Automatic","Diesel",31950
"toyota","Toyota Proace",2,"42990","Automatic","Diesel",5
"toyota","Toyota Proace",2,"32990","Automatic","Petrol",3500
"toyota","Toyota Proace",2,"32289","Automatic","Petrol",8
"toyota","Toyota Proace",2,"44880","Automatic","Diesel",8696
"toyota","Toyota Proace",2,"48890","Automatic","Diesel",5
"toyota","Toyota Proace",2,"53990","Automatic","Diesel",6890
"toyota","Toyota Proace",2,"31799","Manual","Petrol",9990
"toyota","Toyota Proace",2,"28500","Manual","Diesel",8960
"toyota","Toyota Proace",2,"55790","Automatic","Diesel",8
"toyota","Toyota Proace",2,"43460","Manual","Diesel",60
"toyota","Toyota Proace",2,"19500","Manual","Petrol",6219
"toyota","Toyota Proace",2,"43990","Manual","Diesel",500
"toyota","Toyota Proace",2,"44299","Automatic","Diesel",31950
"toyota","Toyota Proace",2,"30900","Manual","Diesel",9000
"toyota","Toyota Proace",2,"44299","Automatic","Diesel",33300
"toyota","Toyota Proace",2,"45400","Automatic","Diesel",2500
"toyota","Toyota Proace",2,"44299","Automatic","Diesel",33300
"toyota","Toyota Proace",2,"30900","Manual","Diesel",19070
"toyota","Toyota Proace",2,"30900","Manual","Diesel",17485
"toyota","Toyota Proace",2,"44299","Automatic","Diesel",31950
"toyota","Toyota Proace",2,"42990","Manual","Diesel",150
"toyota","Toyota Proace",2,"44299","Automatic","Diesel",33300
"toyota","Toyota Proace",2,"56490","Automatic","Diesel",4730
"toyota","Toyota Proace",2,"47855","Automatic","Diesel",10968
"toyota","Toyota Proace",2,"45990","Manual","Diesel",50
"toyota","Toyota Proace",1,"30490","Automatic","Petrol",50
"toyota","Toyota Proace",1,"48236","Automatic","Diesel",10
"toyota","Toyota Proace",1,"54900","Automatic","Diesel",2
"toyota","Toyota Proace",1,"48590","Automatic","Diesel",5
"toyota","Toyota Proace",1,"48800","Manual","Diesel",1100
"toyota","Toyota Proace",1,"46960","Automatic","Diesel",10
"toyota","Toyota Proace",1,"53770","Automatic","Diesel",4250
"toyota","Toyota Proace",1,"47970","Automatic","Diesel",4500
"toyota","Toyota Proace",1,"54880","Automatic","Diesel",10
"toyota","Toyota Proace",1,"54880","Automatic","Diesel",10
"toyota","Toyota Proace",1,"47688","Automatic","Diesel",10
"toyota","Toyota Proace",1,"47488","Automatic","Diesel",10
"toyota","Toyota Proace",1,"54860","Automatic","Diesel",10
"toyota","Toyota Proace",1,"47488","Automatic","Diesel",10
"toyota","Toyota Proace",1,"55350","Automatic","Diesel",150
"toyota","Toyota Proace",1,"47688","Automatic","Diesel",10
"toyota","Toyota Proace",1,"46980","Manual","Diesel",1480
"toyota","Toyota Proace",1,"46980","Manual","Diesel",1480
"toyota","Toyota Proace",1,"47888","Automatic","Diesel",10
"toyota","Toyota Proace",1,"64490","Automatic","Diesel",50
"toyota","Toyota Proace",1,"48650","Automatic","Diesel",10
"toyota","Toyota Proace",1,"56490","Automatic","Diesel",10
"toyota","Toyota Proace",1,"43290","Manual","Diesel",10
"toyota","Toyota Proace",1,"61455","Automatic","Diesel",5000
"toyota","Toyota Proace",1,"45790","Automatic","Diesel",10
"toyota","Toyota Proace",1,"49450","Manual","Diesel",300
"toyota","Toyota Proace",1,"47888","Automatic","Diesel",10
"toyota","Toyota Proace",1,"47688","Automatic","Diesel",10
"toyota","Toyota Proace",1,"46460","Automatic","Diesel",5500
"toyota","Toyota Proace",1,"55504","Automatic","Diesel",221
"toyota","Toyota Proace",1,"46960","Automatic","Diesel",10
"toyota","Toyota Proace",1,"46960","Automatic","Diesel",10
"toyota","Toyota Proace",1,"43160","Manual","Diesel",3200
"toyota","Toyota Proace",1,"45790","Automatic","Diesel",10
"toyota","Toyota Proace",1,"45790","Automatic","Diesel",10
"toyota","Toyota Proace",1,"48835","Automatic","Diesel",100
"toyota","Toyota Proace",1,"42960","Manual","Diesel",3200
"toyota","Toyota Proace",1,"50950","Automatic","Diesel",10
"toyota","Toyota Proace",1,"54990","Automatic","Diesel",20
"toyota","Toyota Proace",1,"52460","Automatic","Diesel",10
"toyota","Toyota Proace",1,"47980","Automatic","Diesel",180
"toyota","Toyota Proace",1,"46960","Automatic","Diesel",10
"toyota","Toyota Proace",1,"49930","Automatic","Diesel",60
"toyota","Toyota Proace",1,"67490","Automatic","Diesel",100
"toyota","Toyota Proace",1,"63000","Automatic","Diesel",1
"toyota","Toyota Proace",1,"67490","Automatic","Diesel",50
"toyota","Toyota Proace",1,"55900","Automatic","Diesel",5000
"toyota","Toyota Proace",1,"49790","Automatic","Diesel",4300
"toyota","Toyota Proace",1,"59990","Automatic","Diesel",10
"toyota","Toyota Proace",1,"59990","Automatic","Diesel",10
"toyota","Toyota Proace",1,"54880","Automatic","Diesel",10
"toyota","Toyota Proace",1,"55590","Automatic","Diesel",3500
"toyota","Toyota Proace",1,"45460","Manual","Diesel",10
"toyota","Toyota Proace",1,"30890","Manual","Petrol",5
"toyota","Toyota Proace",1,"42220","Manual","Diesel",10
"toyota","Toyota Proace",1,"44890","Manual","Diesel",10
"toyota","Toyota Proace",1,"47488","Automatic","Diesel",10
"toyota","Toyota Proace",1,"47488","Automatic","Diesel",10
"toyota","Toyota Proace",1,"28990","Manual","Petrol",15
"toyota","Toyota Proace",1,"47488","Automatic","Diesel",10
"toyota","Toyota Proace",1,"54990","Automatic","Diesel",10
"toyota","Toyota Proace",1,"45990","Manual","Diesel",150
"toyota","Toyota Proace",1,"54990","Automatic","Diesel",10
"toyota","Toyota Proace",1,"54990","Automatic","Diesel",10
"toyota","Toyota Proace",1,"47688","Automatic","Diesel",10
"toyota","Toyota Proace",1,"38780","Automatic","Petrol",10
"toyota","Toyota Proace",1,"30890","Manual","Petrol",15
"toyota","Toyota Proace",1,"30890","Manual","Petrol",15
"toyota","Toyota Proace",1,"46960","Manual","Diesel",10
"toyota","Toyota Proace",1,"47488","Automatic","Diesel",10
"toyota","Toyota Proace",1,"52990","Automatic","Diesel",350
"toyota","Toyota Proace",1,"57560","Manual","Diesel",10
"toyota","Toyota Proace",1,"52980","Manual","Diesel",5
"toyota","Toyota Proace",1,"55880","Automatic","Diesel",2500
"toyota","Toyota Proace",1,"49990","Manual","Diesel",50
"toyota","Toyota Proace",1,"56450","Automatic","Diesel",750
"toyota","Toyota Proace",1,"46960","Automatic","Diesel",10
"toyota","Toyota Proace",1,"47970","Automatic","Diesel",4600
"toyota","Toyota Proace",1,"54880","Automatic","Diesel",10
"toyota","Toyota Proace",1,"54880","Automatic","Diesel",10
"toyota","Toyota Proace",1,"27690","Manual","Diesel",10
"toyota","Toyota Proace",1,"30890","Manual","Petrol",15
"toyota","Toyota Proace",1,"29880","Manual","Petrol",10
"toyota","Toyota Proace",1,"37088","Manual","Diesel",10
"toyota","Toyota Proace",1,"31488","Manual","Diesel",10
"toyota","Toyota Proace",1,"31488","Manual","Diesel",10
"toyota","Toyota Proace",1,"31488","Manual","Diesel",10
"toyota","Toyota Proace",1,"31488","Manual","Diesel",10
"toyota","Toyota Proace",1,"28290","Manual","Diesel",10
"toyota","Toyota Proace",1,"63990","Automatic","Diesel",1500
"toyota","Toyota Proace",1,"32590","Manual","Diesel",10
"toyota","Toyota Proace",1,"48930","Automatic","Diesel",40
"toyota","Toyota Proace",1,"59950","Automatic","Diesel",5
"toyota","Toyota Proace",1,"54890","Automatic","Diesel",5
"toyota","Toyota Proace",1,"36288","Manual","Diesel",10
"toyota","Toyota Proace",1,"36288","Manual","Diesel",10
"toyota","Toyota Proace",1,"36288","Manual","Diesel",10
"toyota","Toyota Proace",1,"36288","Manual","Diesel",10
"toyota","Toyota Proace",1,"54490","Automatic","Diesel",10
"toyota","Toyota Proace",1,"36288","Manual","Diesel",10
"toyota","Toyota Proace",1,"36288","Manual","Diesel",10
"toyota","Toyota Proace",1,"66990","Automatic","Diesel",50
"toyota","Toyota Proace",1,"36288","Manual","Diesel",10
"toyota","Toyota Proace",1,"36288","Manual","Diesel",10
"toyota","Toyota Proace",1,"28490","Manual","Diesel",5
"toyota","Toyota Proace",1,"59950","Automatic","Diesel",5
"toyota","Toyota Proace",1,"36288","Manual","Diesel",10
"toyota","Toyota Proace",1,"59890","Automatic","Diesel",10
"toyota","Toyota Proace",1,"54490","Automatic","Diesel",10
"toyota","Toyota Proace",1,"27390","Manual","Petrol",5
